CREATE DATABASE  IF NOT EXISTS `springweather` /*!40100 DEFAULT CHARACTER SET utf8mb4 COLLATE utf8mb4_0900_ai_ci */ /*!80016 DEFAULT ENCRYPTION='N' */;
USE `springweather`;
-- MySQL dump 10.13  Distrib 8.0.31, for Win64 (x86_64)
--
-- Host: localhost    Database: springweather
-- ------------------------------------------------------
-- Server version	8.0.31

/*!40101 SET @OLD_CHARACTER_SET_CLIENT=@@CHARACTER_SET_CLIENT */;
/*!40101 SET @OLD_CHARACTER_SET_RESULTS=@@CHARACTER_SET_RESULTS */;
/*!40101 SET @OLD_COLLATION_CONNECTION=@@COLLATION_CONNECTION */;
/*!50503 SET NAMES utf8 */;
/*!40103 SET @OLD_TIME_ZONE=@@TIME_ZONE */;
/*!40103 SET TIME_ZONE='+00:00' */;
/*!40014 SET @OLD_UNIQUE_CHECKS=@@UNIQUE_CHECKS, UNIQUE_CHECKS=0 */;
/*!40014 SET @OLD_FOREIGN_KEY_CHECKS=@@FOREIGN_KEY_CHECKS, FOREIGN_KEY_CHECKS=0 */;
/*!40101 SET @OLD_SQL_MODE=@@SQL_MODE, SQL_MODE='NO_AUTO_VALUE_ON_ZERO' */;
/*!40111 SET @OLD_SQL_NOTES=@@SQL_NOTES, SQL_NOTES=0 */;

--
-- Table structure for table `city`
--

DROP TABLE IF EXISTS `city`;
/*!40101 SET @saved_cs_client     = @@character_set_client */;
/*!50503 SET character_set_client = utf8mb4 */;
CREATE TABLE `city` (
  `city_id` bigint NOT NULL AUTO_INCREMENT,
  `city_name` varchar(100) NOT NULL,
  `state_id` bigint NOT NULL,
  `duplicate` bit(1) DEFAULT NULL,
  PRIMARY KEY (`city_id`),
  KEY `FK6p2u50v8fg2y0js6djc6xanit` (`state_id`),
  CONSTRAINT `FK6p2u50v8fg2y0js6djc6xanit` FOREIGN KEY (`state_id`) REFERENCES `state` (`state_id`)
) ENGINE=InnoDB AUTO_INCREMENT=1408 DEFAULT CHARSET=utf8mb4 COLLATE=utf8mb4_0900_ai_ci;
/*!40101 SET character_set_client = @saved_cs_client */;

--
-- Dumping data for table `city`
--

LOCK TABLES `city` WRITE;
/*!40000 ALTER TABLE `city` DISABLE KEYS */;
INSERT INTO `city` VALUES (1,'Belsh',1,_binary '\0'),(2,'Fierzë',1,_binary ''),(3,'Grekan',1,_binary '\0'),(4,'Kajan',1,_binary '\0'),(5,'Rrasë',1,_binary '\0'),(6,'Berat',2,_binary '\0'),(7,'Otllak',2,_binary '\0'),(8,'Roshnik',2,_binary '\0'),(9,'Sinjë',2,_binary '\0'),(10,'Velabisht',2,_binary '\0'),(11,'Bulqizë',3,_binary '\0'),(12,'Fushë-Bulqizë',3,_binary '\0'),(13,'Gjoricë',3,_binary '\0'),(14,'Martanesh',3,_binary '\0'),(15,'Ostren',3,_binary '\0'),(16,'Shupenzë',3,_binary '\0'),(17,'Trebisht',3,_binary '\0'),(18,'Zerqan',3,_binary '\0'),(19,'Cërrik',4,_binary '\0'),(20,'Gostimë',4,_binary '\0'),(21,'Klos',4,_binary ''),(22,'Mollas',4,_binary ''),(23,'Shalës',4,_binary '\0'),(24,'Delvinë',5,_binary '\0'),(25,'Vergo',5,_binary '\0'),(26,'Bilisht',6,_binary '\0'),(27,'Hoçisht',6,_binary '\0'),(28,'Miras',6,_binary '\0'),(29,'Progër',6,_binary '\0'),(30,'Qendër Bilisht',6,_binary '\0'),(31,'Arras',7,_binary '\0'),(32,'Fushë-Çidhën',7,_binary '\0'),(33,'Kala e Dodës',7,_binary '\0'),(34,'Kastriot',7,_binary '\0'),(35,'Lurë',7,_binary '\0'),(36,'Luzni',7,_binary '\0'),(37,'Maqellarë',7,_binary '\0'),(38,'Melan',7,_binary '\0'),(39,'Muhurr',7,_binary '\0'),(40,'Peshkopi',7,_binary '\0'),(41,'Selishtë',7,_binary '\0'),(42,'Sllovë',7,_binary '\0'),(43,'Tomin',7,_binary '\0'),(44,'Zall-Dardhë',7,_binary '\0'),(45,'Zall-Reç',7,_binary '\0'),(46,'Cukalat',8,_binary '\0'),(47,'Dimal',8,_binary '\0'),(48,'Kutalli',8,_binary '\0'),(49,'Poshnjë,',8,_binary '\0'),(50,'Divjakë',9,_binary '\0'),(51,'Grabian',9,_binary '\0'),(52,'Gradishtë',9,_binary '\0'),(53,'Remas',9,_binary '\0'),(54,'Tërbuf',9,_binary '\0'),(55,'Dropull i Poshtëm',10,_binary '\0'),(56,'Dropull i Sipërm',10,_binary '\0'),(57,'Pogon',10,_binary '\0'),(58,'Durrës',11,_binary '\0'),(59,'Ishëm',11,_binary '\0'),(60,'Katund i Ri',11,_binary '\0'),(61,'Manëz',11,_binary '\0'),(62,'Rrashbull',11,_binary '\0'),(63,'Sukth',11,_binary '\0'),(64,'Bradashesh',12,_binary '\0'),(65,'Elbasan',12,_binary '\0'),(66,'Funarë',12,_binary '\0'),(67,'Gjergjan',12,_binary '\0'),(68,'Gjinar',12,_binary '\0'),(69,'Gracen',12,_binary '\0'),(70,'Labinot-Fushë',12,_binary '\0'),(71,'Labinot-Mal',12,_binary '\0'),(72,'Papër',12,_binary '\0'),(73,'Shirgjan',12,_binary '\0'),(74,'Shushicë',12,_binary ''),(75,'Tregan',12,_binary '\0'),(76,'Zavalinë',12,_binary '\0'),(77,'Cakran',13,_binary '\0'),(78,'Dërmenas',13,_binary '\0'),(79,'Fier',13,_binary '\0'),(80,'Frakull',13,_binary '\0'),(81,'Levan',13,_binary '\0'),(82,'Libofshë',13,_binary '\0'),(83,'Mbrostar Ura',13,_binary '\0'),(84,'Portëz',13,_binary '\0'),(85,'Qendër',13,_binary ''),(86,'Topojë',13,_binary '\0'),(87,'Aliko',14,_binary '\0'),(88,'Dhivër',14,_binary '\0'),(89,'Finiq',14,_binary '\0'),(90,'Livadhja',14,_binary '\0'),(91,'Mesopotam',14,_binary '\0'),(92,'Blerim',15,_binary '\0'),(93,'Fierzë',15,_binary ''),(94,'Fushë-Arrëz',15,_binary '\0'),(95,'Iballë',15,_binary '\0'),(96,'Qafë-Mali',15,_binary '\0'),(97,'Antigonë',16,_binary '\0'),(98,'Cepo',16,_binary '\0'),(99,'Gjirokastër',16,_binary '\0'),(100,'Lazarat',16,_binary '\0'),(101,'Lunxhëri',16,_binary '\0'),(102,'Odrie',16,_binary '\0'),(103,'Picar',16,_binary '\0'),(104,'Gramsh',17,_binary '\0'),(105,'Kodovjat',17,_binary '\0'),(106,'Kukur',17,_binary '\0'),(107,'Kushovë',17,_binary '\0'),(108,'Lenie',17,_binary '\0'),(109,'Pishaj',17,_binary '\0'),(110,'Poroçan',17,_binary '\0'),(111,'Skënderbegas',17,_binary '\0'),(112,'Sult',17,_binary '\0'),(113,'Tunjë',17,_binary '\0'),(114,'Fajzë',18,_binary '\0'),(115,'Gjinaj',18,_binary '\0'),(116,'Golaj',18,_binary '\0'),(117,'Krumë',18,_binary '\0'),(118,'Himarë',19,_binary '\0'),(119,'Horë-Vranisht',19,_binary '\0'),(120,'Lukovë',19,_binary '\0'),(121,'Kamëz',20,_binary '\0'),(122,'Paskuqan',20,_binary '\0'),(123,'Golem',21,_binary ''),(124,'Helmas',21,_binary '\0'),(125,'Kavajë',21,_binary '\0'),(126,'Luz i Vogël',21,_binary '\0'),(127,'Synej',21,_binary '\0'),(128,'Ballaban',22,_binary '\0'),(129,'Dishnicë',22,_binary '\0'),(130,'Këlcyrë',22,_binary '\0'),(131,'Sukë',22,_binary '\0'),(132,'Gurrë',23,_binary '\0'),(133,'Klos',23,_binary ''),(134,'Suç',23,_binary '\0'),(135,'Xibër',23,_binary '\0'),(136,'Barmash',24,_binary '\0'),(137,'Çlirim',24,_binary '\0'),(138,'Ersekë',24,_binary '\0'),(139,'Leskovik',24,_binary '\0'),(140,'Mollas',24,_binary ''),(141,'Novoselë',24,_binary ''),(142,'Qendër Ersekë',24,_binary '\0'),(143,'Qendër Leskovik',24,_binary '\0'),(144,'Konispol',25,_binary '\0'),(145,'Markat',25,_binary '\0'),(146,'Xarrë',25,_binary '\0'),(147,'Drenovë',26,_binary '\0'),(148,'Korçë',26,_binary '\0'),(149,'Lekas',26,_binary '\0'),(150,'Mollaj',26,_binary '\0'),(151,'Qendër Bulgarec',26,_binary '\0'),(152,'Vithkuq',26,_binary '\0'),(153,'Voskop',26,_binary '\0'),(154,'Voskopojë',26,_binary '\0'),(155,'Bubq',27,_binary '\0'),(156,'Cudhi',27,_binary '\0'),(157,'Fushë-Krujë',27,_binary '\0'),(158,'Krujë',27,_binary '\0'),(159,'Nikël',27,_binary '\0'),(160,'Kodër-Thumanë',27,_binary '\0'),(161,'Kozare',28,_binary '\0'),(162,'Kuçovë',28,_binary '\0'),(163,'Lumas',28,_binary '\0'),(164,'Perondi',28,_binary '\0'),(165,'Arrën',29,_binary '\0'),(166,'Bicaj',29,_binary '\0'),(167,'Bushtricë',29,_binary '\0'),(168,'Grykë-Çajë',29,_binary '\0'),(169,'Kalis',29,_binary '\0'),(170,'Kolsh',29,_binary ''),(171,'Kukës',29,_binary '\0'),(172,'Malzi',29,_binary '\0'),(173,'Shishtavec',29,_binary '\0'),(174,'Shtiqën',29,_binary '\0'),(175,'Surroj',29,_binary '\0'),(176,'Tërthore',29,_binary '\0'),(177,'Topojan',29,_binary '\0'),(178,'Ujmisht',29,_binary '\0'),(179,'Zapod',29,_binary '\0'),(180,'Fushë Kuqe',30,_binary '\0'),(181,'Laç',30,_binary '\0'),(182,'Mamurras',30,_binary '\0'),(183,'Milot',30,_binary '\0'),(184,'Balldren',31,_binary '\0'),(185,'Blinisht',31,_binary '\0'),(186,'Dajç',31,_binary ''),(187,'Kallmet',31,_binary '\0'),(188,'Kolsh',31,_binary ''),(189,'Lezhë',31,_binary '\0'),(190,'Shëngjin',31,_binary '\0'),(191,'Shënkoll',31,_binary '\0'),(192,'Ungrej',31,_binary '\0'),(193,'Zejmen',31,_binary '\0'),(194,'Libohovë',32,_binary '\0'),(195,'Qendër Libohovë',32,_binary '\0'),(196,'Zagori',32,_binary '\0'),(197,'Hotolisht',33,_binary '\0'),(198,'Librazhd',33,_binary '\0'),(199,'Lunik',33,_binary '\0'),(200,'Orenjë',33,_binary '\0'),(201,'Polis',33,_binary '\0'),(202,'Qendër Librazhd',33,_binary '\0'),(203,'Stëblevë',33,_binary '\0'),(204,'Allkaj',34,_binary '\0'),(205,'Ballagat',34,_binary '\0'),(206,'Bubullimë',34,_binary '\0'),(207,'Dushk',34,_binary '\0'),(208,'Fier-Shegan',34,_binary '\0'),(209,'Golem',34,_binary ''),(210,'Hysgjokaj',34,_binary '\0'),(211,'Karbunarë',34,_binary '\0'),(212,'Kolonjë',34,_binary '\0'),(213,'Krutje',34,_binary '\0'),(214,'Lushnjë',34,_binary '\0'),(215,'Gruemirë',35,_binary '\0'),(216,'Kastrat',35,_binary '\0'),(217,'Kelmend',35,_binary '\0'),(218,'Koplik',35,_binary '\0'),(219,'Qendër',35,_binary ''),(220,'Shkrel',35,_binary '\0'),(221,'Gorë',36,_binary '\0'),(222,'Libonik',36,_binary '\0'),(223,'Maliq',36,_binary '\0'),(224,'Moglicë',36,_binary '\0'),(225,'Pirg',36,_binary '\0'),(226,'Pojan',36,_binary '\0'),(227,'Vreshtas',36,_binary '\0'),(228,'Aranitas',37,_binary '\0'),(229,'Ballsh',37,_binary '\0'),(230,'Fratar',37,_binary '\0'),(231,'Greshicë',37,_binary '\0'),(232,'Hekal',37,_binary '\0'),(233,'Kutë',37,_binary '\0'),(234,'Ngraçan',37,_binary '\0'),(235,'Qendër Dukas',37,_binary '\0'),(236,'Selitë',37,_binary ''),(237,'Baz',38,_binary '\0'),(238,'Burrel',38,_binary '\0'),(239,'Derjan',38,_binary '\0'),(240,'Komsi',38,_binary '\0'),(241,'Lis',38,_binary '\0'),(242,'Macukull',38,_binary '\0'),(243,'Rukaj',38,_binary '\0'),(244,'Ulëz',38,_binary '\0'),(245,'Buz',39,_binary '\0'),(246,'Krahës',39,_binary '\0'),(247,'Luftinjë',39,_binary '\0'),(248,'Memaliaj',39,_binary '\0'),(249,'Memaliaj Fshat',39,_binary '\0'),(250,'Qesarat',39,_binary '\0'),(251,'Fan',40,_binary '\0'),(252,'Kaçinar',40,_binary '\0'),(253,'Kthellë',40,_binary '\0'),(254,'Orosh',40,_binary '\0'),(255,'Rrëshen',40,_binary '\0'),(256,'Rubik',40,_binary '\0'),(257,'Selitë',40,_binary ''),(258,'Patos',41,_binary '\0'),(259,'Ruzhdie',41,_binary '\0'),(260,'Zharrëz',41,_binary '\0'),(261,'Gjoçaj',42,_binary '\0'),(262,'Karinë',42,_binary '\0'),(263,'Pajovë',42,_binary '\0'),(264,'Peqin',42,_binary '\0'),(265,'Përparim',42,_binary '\0'),(266,'Shezë',42,_binary '\0'),(267,'Çarçovë',43,_binary '\0'),(268,'Frashër',43,_binary '\0'),(269,'Përmet',43,_binary '\0'),(270,'Petran',43,_binary '\0'),(271,'Qendër Piskovë',43,_binary '\0'),(272,'Buçimas',44,_binary '\0'),(273,'Çërravë',44,_binary '\0'),(274,'Dardhas',44,_binary '\0'),(275,'Pogradec',44,_binary '\0'),(276,'Proptisht',44,_binary '\0'),(277,'Trebinjë',44,_binary '\0'),(278,'Udenisht',44,_binary '\0'),(279,'Velçan',44,_binary '\0'),(280,'Poliçan',45,_binary '\0'),(281,'Tërpan',45,_binary '\0'),(282,'Vërtop',45,_binary '\0'),(283,'Prrenjas',46,_binary '\0'),(284,'Qukës',46,_binary '\0'),(285,'Rrajcë',46,_binary '\0'),(286,'Stravaj',46,_binary '\0'),(287,'Gjegjan',47,_binary '\0'),(288,'Pukë',47,_binary '\0'),(289,'Qelëz',47,_binary '\0'),(290,'Qerret',47,_binary '\0'),(291,'Rrapë',47,_binary '\0'),(292,'Pustec',48,_binary '\0'),(293,'Kuman',49,_binary '\0'),(294,'Kurjan',49,_binary '\0'),(295,'Roskovec',49,_binary '\0'),(296,'Strum',49,_binary '\0'),(297,'Gosë',50,_binary '\0'),(298,'Kryevidh',50,_binary '\0'),(299,'Lekaj',50,_binary '\0'),(300,'Rrogozhinë',50,_binary '\0'),(301,'Sinaballaj',50,_binary '\0'),(302,'Ksamil',51,_binary '\0'),(303,'Sarandë',51,_binary '\0'),(304,'Armen',52,_binary '\0'),(305,'Brataj',52,_binary '\0'),(306,'Kotë',52,_binary '\0'),(307,'Selenicë',52,_binary '\0'),(308,'Sevaster',52,_binary '\0'),(309,'Vllahinë',52,_binary '\0'),(310,'Gjepalaj',53,_binary '\0'),(311,'Maminas',53,_binary '\0'),(312,'Shijak',53,_binary '\0'),(313,'Xhafzotaj',53,_binary '\0'),(314,'Ana e Malit',54,_binary '\0'),(315,'Bërdicë',54,_binary '\0'),(316,'Dajç',54,_binary ''),(317,'Guri i Zi',54,_binary '\0'),(318,'Postribë',54,_binary '\0'),(319,'Pult',54,_binary '\0'),(320,'Rrethinat',54,_binary '\0'),(321,'Shalë',54,_binary '\0'),(322,'Shkodër',54,_binary '\0'),(323,'Shosh',54,_binary '\0'),(324,'Velipojë',54,_binary '\0'),(325,'Bogovë',55,_binary '\0'),(326,'Çepan',55,_binary '\0'),(327,'Çorovodë',55,_binary '\0'),(328,'Gjerbës',55,_binary '\0'),(329,'Leshnjë',55,_binary '\0'),(330,'Potom',55,_binary '\0'),(331,'Qendër Skrapar',55,_binary '\0'),(332,'Vendreshë',55,_binary '\0'),(333,'Zhepë',55,_binary '\0'),(334,'Kurvelesh',56,_binary '\0'),(335,'Lopës',56,_binary '\0'),(336,'Qendër Tepelenë',56,_binary '\0'),(337,'Tepelenë',56,_binary '\0'),(338,'Baldushk',57,_binary '\0'),(339,'Bërzhitë',57,_binary '\0'),(340,'Dajt',57,_binary '\0'),(341,'Farkë',57,_binary '\0'),(342,'Kashar',57,_binary '\0'),(343,'Krrabë',57,_binary '\0'),(344,'Ndroq',57,_binary '\0'),(345,'Petrelë',57,_binary '\0'),(346,'Pezë',57,_binary '\0'),(347,'Shëngjergj',57,_binary '\0'),(348,'Tiranë',57,_binary '\0'),(349,'Vaqarr',57,_binary '\0'),(350,'Zall-Bastar',57,_binary '\0'),(351,'Zall-Herr',57,_binary '\0'),(352,'Bajram Curri',58,_binary '\0'),(353,'Bujan',58,_binary '\0'),(354,'Bytyç',58,_binary '\0'),(355,'Fierzë',58,_binary ''),(356,'Lekbibaj',58,_binary '\0'),(357,'Llugaj',58,_binary '\0'),(358,'Margegaj',58,_binary '\0'),(359,'Tropojë',58,_binary '\0'),(360,'Bushat',59,_binary '\0'),(361,'Hajmel',59,_binary '\0'),(362,'Shllak',59,_binary '\0'),(363,'Temal',59,_binary '\0'),(364,'Vau i Dejës',59,_binary '\0'),(365,'Vig-Mnelë',59,_binary '\0'),(366,'Novoselë',60,_binary ''),(367,'Orikum',60,_binary '\0'),(368,'Qendër Vlorë',60,_binary '\0'),(369,'Shushicë',60,_binary ''),(370,'Vlorë',60,_binary '\0'),(371,'Bërxullë',61,_binary '\0'),(372,'Prezë',61,_binary '\0'),(373,'Vorë',61,_binary '\0'),(374,'Abdera',62,_binary '\0'),(375,'Selero',62,_binary '\0'),(376,'Vistonida',62,_binary '\0'),(377,'Acharnes',63,_binary '\0'),(378,'Thrakomakedones',63,_binary '\0'),(379,'Aegina',64,_binary '\0'),(380,'Agathonisi',65,_binary '\0'),(381,'Agia',66,_binary '\0'),(382,'Evrymenes',66,_binary ''),(383,'Lakereia',66,_binary '\0'),(384,'Melivoia',66,_binary '\0'),(385,'Agia Paraskevi',67,_binary ''),(386,'Agia Varvara',68,_binary ''),(387,'Agioi Anargyroi',69,_binary ''),(388,'Kamatero',69,_binary '\0'),(389,'Agios Dimitrios',70,_binary ''),(390,'Agios Efstratios',71,_binary '\0'),(391,'Agios Nikolaos',72,_binary '\0'),(392,'Neapoli',72,_binary ''),(393,'Vrachasi',72,_binary '\0'),(394,'Foinikas',73,_binary '\0'),(395,'Lampi',73,_binary '\0'),(396,'Agistri',74,_binary '\0'),(397,'Agrafa',75,_binary '\0'),(398,'Aperantia',75,_binary '\0'),(399,'Aspropotamos',75,_binary ''),(400,'Fragkista',75,_binary '\0'),(401,'Viniani',75,_binary '\0'),(402,'Agrinio',76,_binary '\0'),(403,'Angelokastro',76,_binary '\0'),(404,'Arakynthos',76,_binary '\0'),(405,'Makryneia',76,_binary '\0'),(406,'Neapoli',76,_binary ''),(407,'Panaitoliko',76,_binary '\0'),(408,'Paravola',76,_binary '\0'),(409,'Parakampylia',76,_binary '\0'),(410,'Stratos',76,_binary '\0'),(411,'Thestieis',76,_binary '\0'),(412,'Aigaleo',77,_binary '\0'),(413,'Akrata',78,_binary '\0'),(414,'Diakopto',78,_binary '\0'),(415,'Aigio',78,_binary '\0'),(416,'Aigeira',78,_binary '\0'),(417,'Erineos',78,_binary '\0'),(418,'Sympoliteia',78,_binary '\0'),(419,'Anaktorio',79,_binary '\0'),(420,'Medeon',79,_binary '\0'),(421,'Palairos',79,_binary '\0'),(422,'Alexandreia',80,_binary '\0'),(423,'Antigonides',80,_binary '\0'),(424,'Meliki',80,_binary '\0'),(425,'Platy',80,_binary '\0'),(426,'Alexandroupoli',81,_binary '\0'),(427,'Feres',81,_binary ''),(428,'Traianoupoli',81,_binary '\0'),(429,'Aliartos',82,_binary '\0'),(430,'Thespies',82,_binary '\0'),(431,'Alimos',83,_binary '\0'),(432,'Aridaia',84,_binary '\0'),(433,'Exaplatanos',84,_binary '\0'),(434,'Almyros',85,_binary '\0'),(435,'Anavra',85,_binary '\0'),(436,'Pteleos',85,_binary '\0'),(437,'Sourpi',85,_binary '\0'),(438,'Alonnisos',86,_binary '\0'),(439,'Kourites',87,_binary '\0'),(440,'Sivritos',87,_binary '\0'),(441,'Amfikleia',88,_binary '\0'),(442,'Elateia',88,_binary '\0'),(443,'Tithorea',88,_binary '\0'),(444,'Amfilochia',89,_binary '\0'),(445,'Inachos',89,_binary '\0'),(446,'Menidi',89,_binary '\0'),(447,'Amorgos',90,_binary '\0'),(448,'Ampelokipoi',91,_binary '\0'),(449,'Menemeni',91,_binary '\0'),(450,'Amphipolis',92,_binary '\0'),(451,'Kormista',92,_binary '\0'),(452,'Proti',92,_binary '\0'),(453,'Rodolivos',92,_binary '\0'),(454,'Aetos',93,_binary ''),(455,'Amyntaio',93,_binary '\0'),(456,'Filotas',93,_binary '\0'),(457,'Lechovo',93,_binary '\0'),(458,'Nymfaio',93,_binary '\0'),(459,'Variko',93,_binary '\0'),(460,'Anafi',94,_binary '\0'),(461,'Andravida',95,_binary '\0'),(462,'Kastro-Kyllini',95,_binary '\0'),(463,'Lechaina',95,_binary '\0'),(464,'Vouprasia',95,_binary '\0'),(465,'Alifeira',96,_binary '\0'),(466,'Andritsaina',96,_binary '\0'),(467,'Skillounta',96,_binary '\0'),(468,'Andros',97,_binary '\0'),(469,'Korthio',97,_binary '\0'),(470,'Ydrousa',97,_binary '\0'),(471,'Anogeia',98,_binary '\0'),(472,'Antiparos',99,_binary '\0'),(473,'Armenoi',100,_binary '\0'),(474,'Asi Gonia',100,_binary '\0'),(475,'Fres',100,_binary '\0'),(476,'Georgioupoli',100,_binary '\0'),(477,'Kryonerida',100,_binary '\0'),(478,'Vamos',100,_binary '\0'),(479,'Archanes',101,_binary '\0'),(480,'Asterousia',101,_binary '\0'),(481,'Nikos Kazantzakis',101,_binary '\0'),(482,'Acheloos',102,_binary '\0'),(483,'Argithea',102,_binary '\0'),(484,'Anatoliki Argithea',102,_binary '\0'),(485,'Achladokampos',103,_binary '\0'),(486,'Alea',103,_binary '\0'),(487,'Argos',103,_binary '\0'),(488,'Koutsopodi ',103,_binary '\0'),(489,'Lerna',103,_binary '\0'),(490,'Lyrkeia',103,_binary '\0'),(491,'Mykines',103,_binary '\0'),(492,'Nea Kios',103,_binary '\0'),(493,'Arnaia',104,_binary '\0'),(494,'Panagia',104,_binary '\0'),(495,'Stagira-Akanthos',104,_binary '\0'),(496,'Arriana',105,_binary '\0'),(497,'Kechros',105,_binary '\0'),(498,'Organi',105,_binary '\0'),(499,'Fillyra',105,_binary '\0'),(500,'Amvrakikos',106,_binary '\0'),(501,'Arta',106,_binary '\0'),(502,'Filothei',106,_binary ''),(503,'Vlacherna',106,_binary '\0'),(504,'Xirovouni',106,_binary '\0'),(505,'Aspropyrgos',107,_binary '\0'),(506,'Astypalaia',108,_binary '\0'),(507,'Athens',109,_binary '\0'),(508,'Achilleio',110,_binary '\0'),(509,'Corfu',110,_binary '\0'),(510,'Ereikoussa',110,_binary '\0'),(511,'Faiakes',110,_binary '\0'),(512,'Mathraki',110,_binary '\0'),(513,'Othonoi',110,_binary '\0'),(514,'Palaiokastritsa',110,_binary '\0'),(515,'Parelioi',110,_binary '\0'),(516,'Agios Georgios, Corfu',111,_binary '\0'),(517,'Esperies',111,_binary '\0'),(518,'Thinali',111,_binary '\0'),(519,'Kasopaia',111,_binary '\0'),(520,'Korission',112,_binary '\0'),(521,'Lefkimmi',112,_binary '\0'),(522,'Meliteieon',112,_binary '\0'),(523,'Agnanta',113,_binary '\0'),(524,'Athamania',113,_binary '\0'),(525,'Melissourgoi',113,_binary '\0'),(526,'Theodoriana',113,_binary '\0'),(527,'Argostoli',114,_binary '\0'),(528,'Eleios-Pronnoi',114,_binary '\0'),(529,'Leivathos',114,_binary '\0'),(530,'Omala',114,_binary '\0'),(531,'Paliki',115,_binary '\0'),(532,'Erisos',116,_binary '\0'),(533,'Pylaros',116,_binary '\0'),(534,'Sami',116,_binary '\0'),(535,'Chaidari',117,_binary '\0'),(536,'Chalandri',118,_binary '\0'),(537,'Anthidona',119,_binary '\0'),(538,'Avlida',119,_binary '\0'),(539,'Chalkida',119,_binary '\0'),(540,'Lilantia',119,_binary '\0'),(541,'Nea Artaki',119,_binary '\0'),(542,'Chalki',120,_binary '\0'),(543,'Agios Athanasios',121,_binary '\0'),(544,'Chalkidona',121,_binary '\0'),(545,'Koufalia',121,_binary '\0'),(546,'Akrotiri',122,_binary '\0'),(547,'Chania',122,_binary '\0'),(548,'Eleftherios Venizelos',122,_binary '\0'),(549,'Keramia',122,_binary '\0'),(550,'Nea Kydonia',122,_binary '\0'),(551,'Souda',122,_binary '\0'),(552,'Theriso',122,_binary '\0'),(553,'Chersonisos',123,_binary '\0'),(554,'Episkopi',123,_binary '\0'),(555,'Gouves',123,_binary '\0'),(556,'Malia',123,_binary '\0'),(557,'Agios Minas',124,_binary '\0'),(558,'Amani',124,_binary '\0'),(559,'Chios',124,_binary '\0'),(560,'Ionia',124,_binary '\0'),(561,'Kampochora',124,_binary '\0'),(562,'Kardamyla',124,_binary '\0'),(563,'Mastichochoria',124,_binary '\0'),(564,'Omiroupoli',124,_binary '\0'),(565,'Assos-Lechaio',125,_binary '\0'),(566,'Corinth',125,_binary '\0'),(567,'Saronikos',125,_binary '\0'),(568,'Solygeia',125,_binary '\0'),(569,'Tenea',125,_binary '\0'),(570,'Antikythera',126,_binary '\0'),(571,'Kythira',126,_binary '\0'),(572,'Dafni',127,_binary '\0'),(573,'Ymittos',127,_binary '\0'),(574,'Amfissa',128,_binary '\0'),(575,'Delphi',128,_binary '\0'),(576,'Desfina',128,_binary '\0'),(577,'Galaxidi',128,_binary '\0'),(578,'Gravia',128,_binary '\0'),(579,'Itea',128,_binary '\0'),(580,'Kallieis',128,_binary '\0'),(581,'Parnassos',128,_binary '\0'),(582,'Axios',129,_binary '\0'),(583,'Chalastra',129,_binary '\0'),(584,'Echedoros',129,_binary '\0'),(585,'Chasia',130,_binary ''),(586,'Deskati',130,_binary '\0'),(587,'Didymoteicho',131,_binary '\0'),(588,'Metaxades',131,_binary '\0'),(589,'Dion',132,_binary '\0'),(590,'East Olympos',132,_binary '\0'),(591,'Litochoro',132,_binary '\0'),(592,'Agios Stefanos',133,_binary '\0'),(593,'Anoixi',133,_binary '\0'),(594,'Dionysos',133,_binary '\0'),(595,'Drosia',133,_binary '\0'),(596,'Kryoneri',133,_binary '\0'),(597,'Rodopoli',133,_binary '\0'),(598,'Stamata',133,_binary '\0'),(599,'Dirfys',134,_binary '\0'),(600,'Messapia',134,_binary '\0'),(601,'Antikyra',135,_binary '\0'),(602,'Arachova',135,_binary '\0'),(603,'Distomo',135,_binary '\0'),(604,'Agios Dimitrios',136,_binary ''),(605,'Dodoni',136,_binary '\0'),(606,'Selloi',136,_binary '\0'),(607,'Lakka Souliou',136,_binary '\0'),(608,'Domokos',137,_binary '\0'),(609,'Thessaliotida',137,_binary '\0'),(610,'Xyniada',137,_binary '\0'),(611,'Efpalio',138,_binary '\0'),(612,'Lidoriki',138,_binary '\0'),(613,'Tolofon',138,_binary '\0'),(614,'Vardousia',138,_binary '\0'),(615,'Doxato',139,_binary '\0'),(616,'Kalampaki',139,_binary '\0'),(617,'Drama',140,_binary '\0'),(618,'Sidironero',140,_binary '\0'),(619,'East Mani',141,_binary '\0'),(620,'Gytheio',141,_binary '\0'),(621,'Oitylo',141,_binary '\0'),(622,'Sminos',141,_binary '\0'),(623,'Edessa',142,_binary '\0'),(624,'Vegoritida',142,_binary '\0'),(625,'Elafonisos',143,_binary '\0'),(626,'Antichasia',144,_binary '\0'),(627,'Elassona',144,_binary '\0'),(628,'Karya',144,_binary ''),(629,'Livadi',144,_binary '\0'),(630,'Olympos',144,_binary ''),(631,'Potamia',144,_binary ''),(632,'Sarantaporo',144,_binary '\0'),(633,'Tsaritsani',144,_binary '\0'),(634,'Verdikoussa',144,_binary '\0'),(635,'Elefsina',145,_binary '\0'),(636,'Magoula',145,_binary '\0'),(637,'Argyroupoli',146,_binary '\0'),(638,'Elliniko',146,_binary '\0'),(639,'Emmanouil Pappas',147,_binary '\0'),(640,'Strymonas',147,_binary '\0'),(641,'Agia Paraskevi',148,_binary ''),(642,'Mouriki',148,_binary '\0'),(643,'Ptolemaida',148,_binary '\0'),(644,'Vermio',148,_binary '\0'),(645,'Vlasti',148,_binary '\0'),(646,'Asklipieio',149,_binary '\0'),(647,'Epidaurus',149,_binary '\0'),(648,'Amarynthos',150,_binary '\0'),(649,'Eretria',150,_binary '\0'),(650,'Ermioni',151,_binary '\0'),(651,'Kranidi',151,_binary '\0'),(652,'Farres',152,_binary '\0'),(653,'Kalentzi',152,_binary '\0'),(654,'Leontio',152,_binary '\0'),(655,'Tritaia',152,_binary '\0'),(656,'Elos',153,_binary '\0'),(657,'Geronthres',153,_binary '\0'),(658,'Krokees',153,_binary '\0'),(659,'Niata',153,_binary '\0'),(660,'Skala',153,_binary '\0'),(661,'Moires',154,_binary '\0'),(662,'Tympaki',154,_binary '\0'),(663,'Zaros',154,_binary '\0'),(664,'Farkadona',155,_binary '\0'),(665,'Oichalia',155,_binary ''),(666,'Pelinnaioi',155,_binary '\0'),(667,'Enippeas',156,_binary '\0'),(668,'Farsala',156,_binary '\0'),(669,'Narthaki',156,_binary '\0'),(670,'Polydamantas',156,_binary '\0'),(671,'Nea Chalkidona',157,_binary '\0'),(672,'Nea Filadelfeia',157,_binary '\0'),(673,'Filiates',158,_binary '\0'),(674,'Sagiada',158,_binary '\0'),(675,'Filothei',159,_binary ''),(676,'Neo Psychiko',159,_binary '\0'),(677,'Psychiko',159,_binary '\0'),(678,'Florina',160,_binary '\0'),(679,'Kato Kleines',160,_binary '\0'),(680,'Meliti',160,_binary '\0'),(681,'Perasma',160,_binary '\0'),(682,'Folegandros',161,_binary '\0'),(683,'Fournoi Korseon',162,_binary '\0'),(684,'Ano Liosia',163,_binary '\0'),(685,'Fyli',163,_binary '\0'),(686,'Zefyri',163,_binary '\0'),(687,'Galatsi',164,_binary '\0'),(688,'Gavdos',165,_binary '\0'),(689,'Georgios Karaiskakis',166,_binary '\0'),(690,'Irakleia',166,_binary ''),(691,'Tetrafylia',166,_binary '\0'),(692,'Glyfada',167,_binary '\0'),(693,'Agia Varvara',168,_binary ''),(694,'Gortyna',168,_binary ''),(695,'Kofinas',168,_binary '\0'),(696,'Rouvas',168,_binary '\0'),(697,'Dimitsana',169,_binary '\0'),(698,'Iraia',169,_binary '\0'),(699,'Kleitor',169,_binary '\0'),(700,'Kontovazaina',169,_binary '\0'),(701,'Lagkadia',169,_binary '\0'),(702,'Trikolonoi',169,_binary '\0'),(703,'Tropaia',169,_binary '\0'),(704,'Vytina',169,_binary '\0'),(705,'Kosmas o Aitolos',170,_binary '\0'),(706,'Avdella',170,_binary '\0'),(707,'Filippaioi',170,_binary '\0'),(708,'Gorgiani',170,_binary '\0'),(709,'Dotsiko',170,_binary '\0'),(710,'Grevena',170,_binary '\0'),(711,'Irakleotes',170,_binary '\0'),(712,'Mesolouri',170,_binary '\0'),(713,'Perivoli',170,_binary '\0'),(714,'Samarina',170,_binary '\0'),(715,'Smixi',170,_binary '\0'),(716,'Theodoros Ziakas',170,_binary '\0'),(717,'Ventzio',170,_binary '\0'),(718,'Gorgolainis',171,_binary '\0'),(719,'Heraklion',171,_binary '\0'),(720,'Nea Alikarnassos',171,_binary '\0'),(721,'Paliani',171,_binary '\0'),(722,'Temenos',171,_binary '\0'),(723,'Hydra',172,_binary '\0'),(724,'Amaxades',173,_binary '\0'),(725,'Iasmos',173,_binary '\0'),(726,'Sostis',173,_binary '\0'),(727,'Agios Kirykos',174,_binary '\0'),(728,'Evdilos',174,_binary '\0'),(729,'Raches',174,_binary '\0'),(730,'Ierapetra',175,_binary '\0'),(731,'Makry Gialos',175,_binary '\0'),(732,'Igoumenitsa',176,_binary '\0'),(733,'Margariti',176,_binary '\0'),(734,'Parapotamos',176,_binary '\0'),(735,'Perdika',176,_binary '\0'),(736,'Syvota',176,_binary '\0'),(737,'Amaliada',177,_binary '\0'),(738,'Pineia',177,_binary '\0'),(739,'Ilio',178,_binary '\0'),(740,'Ilioupoli',179,_binary '\0'),(741,'Anatoli',180,_binary '\0'),(742,'Bizani',180,_binary '\0'),(743,'Ioannina',180,_binary '\0'),(744,'Ioannina Island',180,_binary '\0'),(745,'Pamvotida',180,_binary '\0'),(746,'Perama',180,_binary ''),(747,'Ios',181,_binary '\0'),(748,'Irakleia',182,_binary ''),(749,'Skotoussa',182,_binary '\0'),(750,'Strymoniko',182,_binary '\0'),(751,'Irakleio',183,_binary '\0'),(752,'Artemisio',184,_binary '\0'),(753,'Aidipsos',184,_binary '\0'),(754,'Istiaia',184,_binary '\0'),(755,'Lichada',184,_binary '\0'),(756,'Oreoi',184,_binary '\0'),(757,'Ithaca',185,_binary '\0'),(758,'Kaisariani',186,_binary '\0'),(759,'Kalamaria',187,_binary '\0'),(760,'Arfara',188,_binary '\0'),(761,'Aris',188,_binary '\0'),(762,'Kalamata',188,_binary '\0'),(763,'Thouria',188,_binary '\0'),(764,'Aspropotamos',189,_binary ''),(765,'Chasia',189,_binary ''),(766,'Kalambaka',189,_binary '\0'),(767,'Kastania',189,_binary '\0'),(768,'Kleino',189,_binary '\0'),(769,'Malakasi',189,_binary '\0'),(770,'Tymfaia',189,_binary '\0'),(771,'Vasiliki',189,_binary '\0'),(772,'Aroania',190,_binary '\0'),(773,'Kalavryta',190,_binary '\0'),(774,'Kleitoria',190,_binary '\0'),(775,'Paion',190,_binary '\0'),(776,'Kallithea',191,_binary ''),(777,'Kalymnos',192,_binary '\0'),(778,'Agios Konstantinos',193,_binary ''),(779,'Kamena Vourla',193,_binary '\0'),(780,'Molos',193,_binary '\0'),(781,'East Selino',194,_binary '\0'),(782,'Kandanos',194,_binary '\0'),(783,'Pelekanos',194,_binary '\0'),(784,'Itamos',195,_binary '\0'),(785,'Kallifono',195,_binary '\0'),(786,'Kampos',195,_binary '\0'),(787,'Karditsa',195,_binary '\0'),(788,'Mitropoli',195,_binary '\0'),(789,'Karpathos',196,_binary '\0'),(790,'Olympos',196,_binary ''),(791,'Domnista',197,_binary '\0'),(792,'Fourna',197,_binary '\0'),(793,'Karpenisi',197,_binary '\0'),(794,'Ktimenia',197,_binary '\0'),(795,'Potamia',197,_binary ''),(796,'Prousos',197,_binary '\0'),(797,'Kafireas',198,_binary '\0'),(798,'Karystos',198,_binary '\0'),(799,'Marmari',198,_binary '\0'),(800,'Styra',198,_binary '\0'),(801,'Kasos',199,_binary '\0'),(802,'Kassandra',200,_binary '\0'),(803,'Pallini',200,_binary ''),(804,'Kastellorizo',201,_binary '\0'),(805,'Agia Triada',202,_binary '\0'),(806,'Agioi Anargyroi',202,_binary ''),(807,'Kastoria',202,_binary '\0'),(808,'Kastraki',202,_binary '\0'),(809,'Klisoura',202,_binary '\0'),(810,'Korestia',202,_binary '\0'),(811,'Makednoi',202,_binary '\0'),(812,'Mesopotamia',202,_binary '\0'),(813,'Vitsi',202,_binary '\0'),(814,'Elafina',203,_binary '\0'),(815,'Katerini',203,_binary '\0'),(816,'Korinos',203,_binary '\0'),(817,'Olympiaki Akti',203,_binary '\0'),(818,'Paralia',203,_binary ''),(819,'Petra',203,_binary ''),(820,'Pierioi',203,_binary '\0'),(821,'Kato Nevrokopi',204,_binary '\0'),(822,'Filippoi',205,_binary '\0'),(823,'Kavala',205,_binary '\0'),(824,'Kea',206,_binary '\0'),(825,'Drapetsona',207,_binary '\0'),(826,'Keratsini',207,_binary '\0'),(827,'Ekali',208,_binary ''),(828,'Kifisia',208,_binary '\0'),(829,'Nea Erythraia',208,_binary '\0'),(830,'Armenio',209,_binary '\0'),(831,'Kileler',209,_binary '\0'),(832,'Krannonas',209,_binary '\0'),(833,'Nikaia',209,_binary ''),(834,'Platykampos',209,_binary '\0'),(835,'Cherso',210,_binary '\0'),(836,'Doirani',210,_binary '\0'),(837,'Gallikos',210,_binary '\0'),(838,'Kilkis',210,_binary '\0'),(839,'Kroussa',210,_binary '\0'),(840,'Mouries',210,_binary '\0'),(841,'Pikrolimni',210,_binary '\0'),(842,'Kimolos',211,_binary '\0'),(843,'Innachori',212,_binary '\0'),(844,'Kissamos',212,_binary '\0'),(845,'Mythimna',212,_binary '\0'),(846,'Aigeiros',213,_binary '\0'),(847,'Komotini',213,_binary '\0'),(848,'Neo Sidirochori',213,_binary '\0'),(849,'Aetomilitsa',214,_binary '\0'),(850,'Distrato',214,_binary '\0'),(851,'Fourka',214,_binary '\0'),(852,'Konitsa',214,_binary '\0'),(853,'Mastorochoria',214,_binary '\0'),(854,'Eleftherio-Kordelio',215,_binary '\0'),(855,'Evosmos',215,_binary '\0'),(856,'Korydallos',216,_binary '\0'),(857,'Dikaios',217,_binary '\0'),(858,'Irakleides',217,_binary '\0'),(859,'Kos',217,_binary '\0'),(860,'Dimitrios Ypsilantis',218,_binary '\0'),(861,'Aiani',218,_binary '\0'),(862,'Elimeia',218,_binary '\0'),(863,'Ellispontos',218,_binary '\0'),(864,'Kozani',218,_binary '\0'),(865,'Kropia',219,_binary '\0'),(866,'Avlon',220,_binary '\0'),(867,'Dystos',220,_binary '\0'),(868,'Konistres',220,_binary '\0'),(869,'Kymi',220,_binary '\0'),(870,'Tamyneoi',220,_binary '\0'),(871,'Kythnos',221,_binary '\0'),(872,'Nevropoli Agrafon',222,_binary '\0'),(873,'Plastiras',222,_binary '\0'),(874,'Gorgopotamos',223,_binary '\0'),(875,'Lamia',223,_binary '\0'),(876,'Leianokladi',223,_binary '\0'),(877,'Pavliani',223,_binary '\0'),(878,'Ypati',223,_binary '\0'),(879,'Assiros',224,_binary '\0'),(880,'Kallindoia',224,_binary '\0'),(881,'Koroneia',224,_binary ''),(882,'Lachanas',224,_binary '\0'),(883,'Langadas',224,_binary '\0'),(884,'Sochos',224,_binary '\0'),(885,'Vertiskos',224,_binary '\0'),(886,'Giannouli',225,_binary '\0'),(887,'Koilada',225,_binary '\0'),(888,'Larissa',225,_binary '\0'),(889,'Agios Konstantinos',226,_binary ''),(890,'Keratea',226,_binary '\0'),(891,'Lavreotiki',226,_binary '\0'),(892,'Apollonioi',227,_binary '\0'),(893,'Ellomenos',227,_binary '\0'),(894,'Karya',227,_binary ''),(895,'Sfakiotes',227,_binary '\0'),(896,'Kalamos',227,_binary ''),(897,'Kastos',227,_binary '\0'),(898,'Lefkada',227,_binary '\0'),(899,'Leipsoi',228,_binary '\0'),(900,'Atsiki',229,_binary '\0'),(901,'Moudros',229,_binary '\0'),(902,'Myrina',229,_binary '\0'),(903,'Nea Koutali',229,_binary '\0'),(904,'Leros',230,_binary '\0'),(905,'Agiasos',231,_binary '\0'),(906,'Gera',231,_binary '\0'),(907,'Evergetoulas',231,_binary '\0'),(908,'Loutropoli Thermis',231,_binary '\0'),(909,'Plomari',231,_binary '\0'),(910,'Agia Paraskevi',232,_binary ''),(911,'Eresos-Antissa',232,_binary '\0'),(912,'Kalloni',232,_binary '\0'),(913,'Mantamados',232,_binary '\0'),(914,'Mithymna',232,_binary '\0'),(915,'Petra',232,_binary ''),(916,'Polichnitos',232,_binary '\0'),(917,'Chaeronea',233,_binary '\0'),(918,'Davleia',233,_binary '\0'),(919,'Koroneia',233,_binary ''),(920,'Kyriaki',233,_binary '\0'),(921,'Livadeia',233,_binary '\0'),(922,'Atalanti',234,_binary '\0'),(923,'Dafnousia',234,_binary '\0'),(924,'Malesina',234,_binary '\0'),(925,'Opountioi',234,_binary '\0'),(926,'Agioi Theodoroi',235,_binary '\0'),(927,'Loutraki-Perachora',235,_binary '\0'),(928,'Lykovrysi',236,_binary '\0'),(929,'Pefki',236,_binary '\0'),(930,'Agios Georgios Tymfristou',237,_binary '\0'),(931,'Makrakomi',237,_binary '\0'),(932,'Spercheiada',237,_binary '\0'),(933,'Tymfristos',237,_binary '\0'),(934,'Gazi',238,_binary '\0'),(935,'Krousonas',238,_binary '\0'),(936,'Tylissos',238,_binary '\0'),(937,'Erythres',239,_binary '\0'),(938,'Oinoi',239,_binary '\0'),(939,'Mandra',239,_binary '\0'),(940,'Vilia',239,_binary '\0'),(941,'Elymnioi',240,_binary '\0'),(942,'Kireas',240,_binary '\0'),(943,'Nileas',240,_binary '\0'),(944,'Grammatiko',241,_binary '\0'),(945,'Marathon',241,_binary '\0'),(946,'Nea Makri',241,_binary '\0'),(947,'Varnavas',241,_binary '\0'),(948,'Markopoulo Mesogaias',242,_binary '\0'),(949,'Maroneia',243,_binary '\0'),(950,'Sapes',243,_binary '\0'),(951,'Marousi',244,_binary '\0'),(952,'Falaisia ',245,_binary '\0'),(953,'Gortyna',245,_binary ''),(954,'Megalopoli',245,_binary '\0'),(955,'Meganisi',246,_binary '\0'),(956,'Megara',247,_binary '\0'),(957,'Nea Peramos',247,_binary '\0'),(958,'Androusa',248,_binary '\0'),(959,'Aristomenis',248,_binary '\0'),(960,'Aipeia',248,_binary '\0'),(961,'Ithomi',248,_binary ''),(962,'Messini',248,_binary '\0'),(963,'Petalidi',248,_binary '\0'),(964,'Trikorfo',248,_binary '\0'),(965,'Voufrades',248,_binary '\0'),(966,'Metamorfosi',249,_binary '\0'),(967,'Egnatia',250,_binary ''),(968,'Metsovo',250,_binary '\0'),(969,'Milea',250,_binary '\0'),(970,'Milos',251,_binary '\0'),(971,'Arkalochori',252,_binary '\0'),(972,'Kastelli',252,_binary '\0'),(973,'Thrapsano',252,_binary '\0'),(974,'Aitoliko',253,_binary '\0'),(975,'Oiniades',253,_binary '\0'),(976,'Missolonghi',253,_binary '\0'),(977,'Asopos',254,_binary '\0'),(978,'Molaoi',254,_binary '\0'),(979,'Monemvasia',254,_binary '\0'),(980,'Voies',254,_binary '\0'),(981,'Zarakas',254,_binary '\0'),(982,'Moschato',255,_binary '\0'),(983,'Tavros',255,_binary '\0'),(984,'Ithomi',256,_binary ''),(985,'Mouzaki',256,_binary '\0'),(986,'Pamisos',256,_binary '\0'),(987,'Myki',257,_binary '\0'),(988,'Kotyli',257,_binary '\0'),(989,'Satres',257,_binary '\0'),(990,'Thermes',257,_binary '\0'),(991,'Mykonos',258,_binary '\0'),(992,'Geropotamos',259,_binary '\0'),(993,'Kouloukonas',259,_binary '\0'),(994,'Zoniana',259,_binary '\0'),(995,'Antirrio',260,_binary '\0'),(996,'Apodotia',260,_binary '\0'),(997,'Chalkeia',260,_binary '\0'),(998,'Nafpaktos',260,_binary '\0'),(999,'Platanos',260,_binary '\0'),(1000,'Pyllini',260,_binary '\0'),(1001,'Asini',261,_binary '\0'),(1002,'Midea ',261,_binary '\0'),(1003,'Nafplio',261,_binary '\0'),(1004,'Nea Tiryntha',261,_binary '\0'),(1005,'Anthemia',262,_binary '\0'),(1006,'Eirinoupoli',262,_binary '\0'),(1007,'Naousa',262,_binary '\0'),(1008,'Donoussa',263,_binary '\0'),(1009,'Drymalia',263,_binary '\0'),(1010,'Irakleia',263,_binary ''),(1011,'Koufonisia',263,_binary '\0'),(1012,'Naxos',263,_binary '\0'),(1013,'Schoinoussa',263,_binary '\0'),(1014,'Nea Ionia',264,_binary ''),(1015,'Agios Pavlos',265,_binary '\0'),(1016,'Neapoli',265,_binary ''),(1017,'Pefka',265,_binary '\0'),(1018,'Sykies',265,_binary '\0'),(1019,'Kallikrateia',266,_binary '\0'),(1020,'Moudania',266,_binary '\0'),(1021,'Triglia',266,_binary '\0'),(1022,'Nea Smyrni',267,_binary '\0'),(1023,'Alistrati',268,_binary '\0'),(1024,'Nea Zichni',268,_binary '\0'),(1025,'Nemea',269,_binary '\0'),(1026,'Akrites',270,_binary '\0'),(1027,'Arrenes',270,_binary '\0'),(1028,'Gramos',270,_binary '\0'),(1029,'Nestorio',270,_binary '\0'),(1030,'Chrysoupoli',271,_binary '\0'),(1031,'Keramoti',271,_binary '\0'),(1032,'Oreino',271,_binary '\0'),(1033,'Agios Ioannis Rentis',272,_binary '\0'),(1034,'Nikaia',272,_binary ''),(1035,'Arachthos',273,_binary '\0'),(1036,'Kommeno',273,_binary '\0'),(1037,'Kompoti',273,_binary '\0'),(1038,'Peta',273,_binary '\0'),(1039,'Nisyros',274,_binary '\0'),(1040,'North Kynouria',275,_binary '\0'),(1041,'Kalarites',276,_binary '\0'),(1042,'Katsanochoria',276,_binary '\0'),(1043,'Matsouki',276,_binary '\0'),(1044,'Pramanta',276,_binary '\0'),(1045,'Sirako',276,_binary '\0'),(1046,'Tzoumerka',276,_binary '\0'),(1047,'Vathypedo',276,_binary '\0'),(1048,'Andania',277,_binary '\0'),(1049,'Dorio',277,_binary '\0'),(1050,'Eira',277,_binary '\0'),(1051,'Oichalia',277,_binary ''),(1052,'Meligalas',277,_binary '\0'),(1053,'Oinousses',278,_binary '\0'),(1054,'Archaia Olympia',279,_binary '\0'),(1055,'Foloi',279,_binary '\0'),(1056,'Lampeia',279,_binary '\0'),(1057,'Lasiona',279,_binary '\0'),(1058,'Kallithea',280,_binary ''),(1059,'Mygdonia',280,_binary '\0'),(1060,'Oraiokastro',280,_binary '\0'),(1061,'Akraifnia',281,_binary '\0'),(1062,'Orchomenos',281,_binary '\0'),(1063,'Kyprinos',282,_binary '\0'),(1064,'Orestiada',282,_binary '\0'),(1065,'Trigono',282,_binary '\0'),(1066,'Vyssa',282,_binary '\0'),(1067,'Argos Orestiko',283,_binary '\0'),(1068,'Ion Dragoumis',283,_binary '\0'),(1069,'Oropedio Lasithiou',284,_binary '\0'),(1070,'Afidnes',285,_binary '\0'),(1071,'Avlonas',285,_binary ''),(1072,'Kalamos',285,_binary ''),(1073,'Kapandriti',285,_binary '\0'),(1074,'Malakasa',285,_binary '\0'),(1075,'Markopoulo Oropou',285,_binary '\0'),(1076,'Oropioi',285,_binary '\0'),(1077,'Polydendri',285,_binary '\0'),(1078,'Sykamino',285,_binary '\0'),(1079,'Glyka Nera',286,_binary '\0'),(1080,'Paiania',286,_binary '\0'),(1081,'Axioupoli',287,_binary '\0'),(1082,'Evropos',287,_binary '\0'),(1083,'Goumenissa',287,_binary '\0'),(1084,'Livadia',287,_binary '\0'),(1085,'Polykastro',287,_binary '\0'),(1086,'Palaio Faliro',288,_binary '\0'),(1087,'Fyllo',289,_binary '\0'),(1088,'Palamas',289,_binary '\0'),(1089,'Sellana',289,_binary '\0'),(1090,'Anthousa',290,_binary '\0'),(1091,'Gerakas',290,_binary '\0'),(1092,'Pallini',290,_binary ''),(1093,'Eleftheres',291,_binary '\0'),(1094,'Eleftheroupoli',291,_binary '\0'),(1095,'Orfani',291,_binary '\0'),(1096,'Pangaio',291,_binary '\0'),(1097,'Piereis',291,_binary '\0'),(1098,'Cholargos',292,_binary '\0'),(1099,'Papagou',292,_binary '\0'),(1100,'Nikiforos',293,_binary '\0'),(1101,'Paranesti',293,_binary '\0'),(1102,'Fanari',294,_binary '\0'),(1103,'Parga',294,_binary '\0'),(1104,'Paros',295,_binary '\0'),(1105,'Patmos',296,_binary '\0'),(1106,'Messatida',297,_binary '\0'),(1107,'Paralia',297,_binary ''),(1108,'Patras',297,_binary '\0'),(1109,'Rio',297,_binary '\0'),(1110,'Vrachnaiika',297,_binary '\0'),(1111,'Efkarpia',298,_binary '\0'),(1112,'Polichni',298,_binary '\0'),(1113,'Stavroupoli',298,_binary ''),(1114,'Paxi',299,_binary '\0'),(1115,'Giannitsa',300,_binary '\0'),(1116,'Krya Vrysi',300,_binary '\0'),(1117,'Kyrros',300,_binary '\0'),(1118,'Megas Alexandros',300,_binary '\0'),(1119,'Pella',300,_binary '\0'),(1120,'Melissia',301,_binary '\0'),(1121,'Nea Penteli',301,_binary '\0'),(1122,'Penteli',301,_binary '\0'),(1123,'Perama',302,_binary ''),(1124,'Peristeri',303,_binary '\0'),(1125,'Petroupoli',304,_binary '\0'),(1126,'Gastouni',305,_binary '\0'),(1127,'Tragano',305,_binary '\0'),(1128,'Vartholomio',305,_binary '\0'),(1129,'Piraeus',306,_binary '\0'),(1130,'Kolymvari',307,_binary '\0'),(1131,'Mousouroi',307,_binary '\0'),(1132,'Platanias',307,_binary '\0'),(1133,'Voukolies',307,_binary '\0'),(1134,'Ano Kalamas',308,_binary '\0'),(1135,'Ano Pogoni',308,_binary '\0'),(1136,'Delvinaki',308,_binary '\0'),(1137,'Kalpaki',308,_binary '\0'),(1138,'Lavdani',308,_binary '\0'),(1139,'Pogoniani',308,_binary '\0'),(1140,'Anthemountas',309,_binary '\0'),(1141,'Ormylia',309,_binary '\0'),(1142,'Polygyros',309,_binary '\0'),(1143,'Zervochoria',309,_binary '\0'),(1144,'Poros',310,_binary '\0'),(1145,'Krystallopigi',311,_binary '\0'),(1146,'Prespes',311,_binary '\0'),(1147,'Louros',312,_binary '\0'),(1148,'Preveza',312,_binary '\0'),(1149,'Zalongo',312,_binary '\0'),(1150,'Prosotsani',313,_binary '\0'),(1151,'Sitagroi',313,_binary '\0'),(1152,'Psara',314,_binary '\0'),(1153,'Aiginio',315,_binary '\0'),(1154,'Kolindros',315,_binary '\0'),(1155,'Methoni',315,_binary ''),(1156,'Pydna',315,_binary '\0'),(1157,'Chortiatis',316,_binary '\0'),(1158,'Panorama',316,_binary '\0'),(1159,'Pylaia',316,_binary '\0'),(1160,'Gomfoi',317,_binary '\0'),(1161,'Aithikes',317,_binary '\0'),(1162,'Myrofyllo',317,_binary '\0'),(1163,'Neraida',317,_binary '\0'),(1164,'Pialeia',317,_binary '\0'),(1165,'Pyli',317,_binary '\0'),(1166,'Pindos',317,_binary '\0'),(1167,'Chiliochoria',318,_binary '\0'),(1168,'Koroni',318,_binary '\0'),(1169,'Methoni',318,_binary ''),(1170,'Nestoras',318,_binary '\0'),(1171,'Papaflessas',318,_binary '\0'),(1172,'Pylos',318,_binary '\0'),(1173,'Iardanos',319,_binary '\0'),(1174,'Oleni ',319,_binary '\0'),(1175,'Pyrgos',319,_binary '\0'),(1176,'Volakas',319,_binary '\0'),(1177,'Pikermi',320,_binary '\0'),(1178,'Rafina',320,_binary '\0'),(1179,'Arkadi',321,_binary '\0'),(1180,'Lappa',321,_binary '\0'),(1181,'Nikiforos Fokas',321,_binary '\0'),(1182,'Rethymno',321,_binary '\0'),(1183,'Afantou',322,_binary '\0'),(1184,'Archangelos',322,_binary '\0'),(1185,'Attavyros',322,_binary '\0'),(1186,'Ialysos',322,_binary '\0'),(1187,'Kallithea',322,_binary ''),(1188,'Kameiros',322,_binary '\0'),(1189,'Lindos',322,_binary '\0'),(1190,'Petaloudes',322,_binary '\0'),(1191,'Rhodes',322,_binary '\0'),(1192,'South Rhodes',322,_binary '\0'),(1193,'Feres',323,_binary ''),(1194,'Karla',323,_binary '\0'),(1195,'Keramidi',323,_binary '\0'),(1196,'Ampelakia',324,_binary '\0'),(1197,'Salamina',324,_binary '\0'),(1198,'Pythagoreio',325,_binary '\0'),(1199,'Vathy',325,_binary '\0'),(1200,'Karlovasi',326,_binary '\0'),(1201,'Marathokampos',326,_binary '\0'),(1202,'Samothrace',327,_binary '\0'),(1203,'Oia',328,_binary '\0'),(1204,'Santorini',328,_binary '\0'),(1205,'Anavyssos',329,_binary '\0'),(1206,'Kalyvia Thorikou',329,_binary '\0'),(1207,'Kouvaras',329,_binary '\0'),(1208,'Palaia Fokaia',329,_binary '\0'),(1209,'Saronida',329,_binary '\0'),(1210,'Serifos',330,_binary '\0'),(1211,'Ano Vrontou',331,_binary '\0'),(1212,'Kapetan Mitrousi',331,_binary '\0'),(1213,'Lefkonas',331,_binary '\0'),(1214,'Oreini',331,_binary '\0'),(1215,'Serres',331,_binary '\0'),(1216,'Skoutari',331,_binary '\0'),(1217,'Kamvounia',332,_binary '\0'),(1218,'Livadero',332,_binary '\0'),(1219,'Servia',332,_binary '\0'),(1220,'Velventos',333,_binary '\0'),(1221,'Sfakia',334,_binary '\0'),(1222,'Sifnos',335,_binary '\0'),(1223,'Sikinos',336,_binary '\0'),(1224,'Feneos',337,_binary '\0'),(1225,'Sikyona',337,_binary '\0'),(1226,'Stymfalia',337,_binary '\0'),(1227,'Achladochori',338,_binary '\0'),(1228,'Agkistro',338,_binary '\0'),(1229,'Kerkini',338,_binary '\0'),(1230,'Petritsi',338,_binary '\0'),(1231,'Promachonas',338,_binary '\0'),(1232,'Sidirokastro',338,_binary '\0'),(1233,'Sithonia',339,_binary '\0'),(1234,'Toroni',339,_binary '\0'),(1235,'Itanos',340,_binary '\0'),(1236,'Lefki',340,_binary '\0'),(1237,'Sitia',340,_binary '\0'),(1238,'Skiathos',341,_binary '\0'),(1239,'Skopelos',342,_binary '\0'),(1240,'Meniida',343,_binary '\0'),(1241,'Skydra',343,_binary '\0'),(1242,'Skyros',344,_binary '\0'),(1243,'Arni',345,_binary '\0'),(1244,'Menelaida',345,_binary '\0'),(1245,'Rentina',345,_binary ''),(1246,'Sofades',345,_binary '\0'),(1247,'Tamasio',345,_binary '\0'),(1248,'Soufli',346,_binary '\0'),(1249,'Orfeas',346,_binary '\0'),(1250,'Tychero',346,_binary '\0'),(1251,'Acherontas',347,_binary '\0'),(1252,'Paramythia',347,_binary '\0'),(1253,'Souli',347,_binary '\0'),(1254,'Kosmas',348,_binary '\0'),(1255,'Leonidio',348,_binary '\0'),(1256,'Tyros',348,_binary '\0'),(1257,'Afetes',349,_binary '\0'),(1258,'Argalasti',349,_binary '\0'),(1259,'Milies',349,_binary '\0'),(1260,'Sipiada',349,_binary '\0'),(1261,'Trikeri',349,_binary '\0'),(1262,'Faris',350,_binary '\0'),(1263,'Oinountas',350,_binary '\0'),(1264,'Karyes',350,_binary '\0'),(1265,'Mystras',350,_binary '\0'),(1266,'Pellana',350,_binary '\0'),(1267,'Sparta',350,_binary '\0'),(1268,'Therapnes',350,_binary '\0'),(1269,'Spata',351,_binary '\0'),(1270,'Artemida',351,_binary ''),(1271,'Spetses',352,_binary '\0'),(1272,'Echinaioi',353,_binary '\0'),(1273,'Pelasgia',353,_binary '\0'),(1274,'Stylida',353,_binary '\0'),(1275,'Symi',354,_binary '\0'),(1276,'Ano Syros',355,_binary '\0'),(1277,'Ermoupoli',355,_binary '\0'),(1278,'Poseidonia',355,_binary '\0'),(1279,'Dervenochoria',356,_binary '\0'),(1280,'Oinofyta',356,_binary '\0'),(1281,'Schimatari',356,_binary '\0'),(1282,'Tanagra',356,_binary '\0'),(1283,'Ambelakia',357,_binary '\0'),(1284,'Gonnoi',357,_binary '\0'),(1285,'Kato Olympos',357,_binary '\0'),(1286,'Makrychori',357,_binary '\0'),(1287,'Nessonas',357,_binary '\0'),(1288,'Thasos',358,_binary '\0'),(1289,'Plataies',359,_binary '\0'),(1290,'Thisvi',359,_binary '\0'),(1291,'Thebes',359,_binary '\0'),(1292,'Vagia',359,_binary '\0'),(1293,'Epanomi',360,_binary '\0'),(1294,'Michaniona',360,_binary '\0'),(1295,'Thermaikos',360,_binary '\0'),(1296,'Mikra',361,_binary '\0'),(1297,'Thermi',361,_binary '\0'),(1298,'Vasilika',361,_binary '\0'),(1299,'Thermo',362,_binary '\0'),(1300,'Thessaloniki',363,_binary '\0'),(1301,'Triandria',363,_binary '\0'),(1302,'Tilos',364,_binary '\0'),(1303,'Exomvourgo',365,_binary '\0'),(1304,'Panormos',365,_binary '\0'),(1305,'Tinos',365,_binary '\0'),(1306,'Topeiros',366,_binary '\0'),(1307,'Aetos',367,_binary ''),(1308,'Avlonas',367,_binary ''),(1309,'Gargalianoi',367,_binary '\0'),(1310,'Filiatra',367,_binary '\0'),(1311,'Kyparissia',367,_binary '\0'),(1312,'Tripyla',367,_binary '\0'),(1313,'Estiaiotida',368,_binary '\0'),(1314,'Faloreia',368,_binary '\0'),(1315,'Kallidendro',368,_binary '\0'),(1316,'Koziakas',368,_binary '\0'),(1317,'Megala Kalyvia',368,_binary '\0'),(1318,'Paliokastro',368,_binary '\0'),(1319,'Paralithaioi',368,_binary '\0'),(1320,'Trikala',368,_binary '\0'),(1321,'Falanthos',369,_binary '\0'),(1322,'Korythio',369,_binary '\0'),(1323,'Levidi',369,_binary '\0'),(1324,'Mantineia',369,_binary '\0'),(1325,'Skyritida',369,_binary '\0'),(1326,'Tegea',369,_binary '\0'),(1327,'Tripoli',369,_binary '\0'),(1328,'Valtetsi',369,_binary '\0'),(1329,'Methana',370,_binary '\0'),(1330,'Troizina',370,_binary '\0'),(1331,'Ampelonas',371,_binary '\0'),(1332,'Tyrnavos',371,_binary '\0'),(1333,'Vari',372,_binary '\0'),(1334,'Voula',372,_binary '\0'),(1335,'Vouliagmeni',372,_binary '\0'),(1336,'Velo',373,_binary '\0'),(1337,'Vocha',373,_binary '\0'),(1338,'Apostolos Pavlos',374,_binary '\0'),(1339,'Dovras',374,_binary '\0'),(1340,'Makedonida',374,_binary '\0'),(1341,'Vergina',374,_binary '\0'),(1342,'Veroia',374,_binary '\0'),(1343,'Viannos',375,_binary '\0'),(1344,'Achinos',376,_binary '\0'),(1345,'Nigrita',376,_binary '\0'),(1346,'Tragilos',376,_binary '\0'),(1347,'Visaltia',376,_binary '\0'),(1348,'Askio',377,_binary '\0'),(1349,'Neapoli',377,_binary ''),(1350,'Pentalofos',377,_binary '\0'),(1351,'Siatista',377,_binary '\0'),(1352,'Tsotyli',377,_binary '\0'),(1353,'Agria',378,_binary '\0'),(1354,'Artemida',378,_binary ''),(1355,'Aisonia',378,_binary '\0'),(1356,'Iolkos',378,_binary '\0'),(1357,'Makrinitsa',378,_binary '\0'),(1358,'Nea Anchialos',378,_binary '\0'),(1359,'Nea Ionia',378,_binary ''),(1360,'Portaria',378,_binary '\0'),(1361,'Volos',378,_binary '\0'),(1362,'Agios Georgios',379,_binary '\0'),(1363,'Apollonia',379,_binary '\0'),(1364,'Arethousa',379,_binary '\0'),(1365,'Egnatia',379,_binary ''),(1366,'Madytos',379,_binary '\0'),(1367,'Rentina',379,_binary ''),(1368,'Vrilissia',380,_binary '\0'),(1369,'Vyronas',381,_binary '\0'),(1370,'Dymi',382,_binary '\0'),(1371,'Larissos',382,_binary '\0'),(1372,'Movri',382,_binary '\0'),(1373,'Olenia',382,_binary '\0'),(1374,'Avia',383,_binary '\0'),(1375,'Lefktro',383,_binary '\0'),(1376,'Stavroupoli',384,_binary ''),(1377,'Xanthi',384,_binary '\0'),(1378,'Alyzia',385,_binary '\0'),(1379,'Astakos',385,_binary '\0'),(1380,'Fyteies',385,_binary '\0'),(1381,'Evrostina',386,_binary '\0'),(1382,'Xylokastro',386,_binary '\0'),(1383,'Figaleia',387,_binary '\0'),(1384,'Zacharo',387,_binary '\0'),(1385,'Mouresi',388,_binary '\0'),(1386,'Zagora',388,_binary '\0'),(1387,'Central Zagori',389,_binary '\0'),(1388,'East Zagori',389,_binary '\0'),(1389,'Papingo',389,_binary '\0'),(1390,'Tymfi',389,_binary '\0'),(1391,'Vovousa',389,_binary '\0'),(1392,'Alykes',390,_binary '\0'),(1393,'Arkadioi',390,_binary '\0'),(1394,'Artemisia',390,_binary '\0'),(1395,'Elatia',390,_binary '\0'),(1396,'Laganas',390,_binary '\0'),(1397,'Zakynthos',390,_binary '\0'),(1398,'Anogeio',391,_binary '\0'),(1399,'Filippiada',391,_binary '\0'),(1400,'Kranea',391,_binary '\0'),(1401,'Thesprotiko',391,_binary '\0'),(1402,'Ekali',392,_binary ''),(1403,'Evrymenes',392,_binary ''),(1404,'Molossoi',392,_binary '\0'),(1405,'Pasaronas',392,_binary '\0'),(1406,'Zitsa',392,_binary '\0'),(1407,'Zografou',393,_binary '\0');
/*!40000 ALTER TABLE `city` ENABLE KEYS */;
UNLOCK TABLES;

--
-- Table structure for table `country`
--

DROP TABLE IF EXISTS `country`;
/*!40101 SET @saved_cs_client     = @@character_set_client */;
/*!50503 SET character_set_client = utf8mb4 */;
CREATE TABLE `country` (
  `country_id` bigint NOT NULL AUTO_INCREMENT,
  `country_code` varchar(3) NOT NULL,
  `country_name` varchar(100) NOT NULL,
  PRIMARY KEY (`country_id`),
  UNIQUE KEY `UK_oqixmig4k8qxc8oba3fl4gqkr` (`country_code`),
  UNIQUE KEY `UK_qrkn270121aljmucrdbnmd35p` (`country_name`)
) ENGINE=InnoDB AUTO_INCREMENT=3 DEFAULT CHARSET=utf8mb4 COLLATE=utf8mb4_0900_ai_ci;
/*!40101 SET character_set_client = @saved_cs_client */;

--
-- Dumping data for table `country`
--

LOCK TABLES `country` WRITE;
/*!40000 ALTER TABLE `country` DISABLE KEYS */;
INSERT INTO `country` VALUES (1,'ALB','Albania'),(2,'GR','Greece');
/*!40000 ALTER TABLE `country` ENABLE KEYS */;
UNLOCK TABLES;

--
-- Table structure for table `state`
--

DROP TABLE IF EXISTS `state`;
/*!40101 SET @saved_cs_client     = @@character_set_client */;
/*!50503 SET character_set_client = utf8mb4 */;
CREATE TABLE `state` (
  `state_id` bigint NOT NULL AUTO_INCREMENT,
  `state_name` varchar(100) NOT NULL,
  `country_id` bigint NOT NULL,
  PRIMARY KEY (`state_id`),
  KEY `FKghic7mqjt6qb9vq7up7awu0er` (`country_id`),
  CONSTRAINT `FKghic7mqjt6qb9vq7up7awu0er` FOREIGN KEY (`country_id`) REFERENCES `country` (`country_id`)
) ENGINE=InnoDB AUTO_INCREMENT=394 DEFAULT CHARSET=utf8mb4 COLLATE=utf8mb4_0900_ai_ci;
/*!40101 SET character_set_client = @saved_cs_client */;

--
-- Dumping data for table `state`
--

LOCK TABLES `state` WRITE;
/*!40000 ALTER TABLE `state` DISABLE KEYS */;
INSERT INTO `state` VALUES (1,'Belsh',1),(2,'Berat',1),(3,'Bulqizë',1),(4,'Cërrik',1),(5,'Delvinë',1),(6,'Devoll',1),(7,'Dibër',1),(8,'Dimal',1),(9,'Divjakë',1),(10,'Dropull',1),(11,'Durrës',1),(12,'Elbasan',1),(13,'Fier',1),(14,'Finiq',1),(15,'Fushë-Arrëz',1),(16,'Gjirokastër',1),(17,'Gramsh',1),(18,'Has',1),(19,'Himarë',1),(20,'Kamëz',1),(21,'Kavajë',1),(22,'Këlcyrë',1),(23,'Klos',1),(24,'Kolonjë',1),(25,'Konispol',1),(26,'Korçë',1),(27,'Krujë',1),(28,'Kuçovë',1),(29,'Kukës',1),(30,'Kurbin',1),(31,'Lezhë',1),(32,'Libohovë',1),(33,'Librazhd',1),(34,'Lushnjë',1),(35,'Malësi e Madhe',1),(36,'Maliq',1),(37,'Mallakastër',1),(38,'Mat',1),(39,'Memaliaj',1),(40,'Mirditë',1),(41,'Patos',1),(42,'Peqin',1),(43,'Përmet',1),(44,'Pogradec',1),(45,'Poliçan',1),(46,'Prrenjas',1),(47,'Pukë',1),(48,'Pustec',1),(49,'Roskovec',1),(50,'Rrogozhinë',1),(51,'Sarandë',1),(52,'Selenicë',1),(53,'Shijak',1),(54,'Shkodër',1),(55,'Skrapar',1),(56,'Tepelenë',1),(57,'Tiranë',1),(58,'Tropojë',1),(59,'Vau i Dejës',1),(60,'Vlorë',1),(61,'Vorë',1),(62,'Abdera',2),(63,'Acharnes',2),(64,'Aegina',2),(65,'Agathonisi',2),(66,'Agia',2),(67,'Agia Paraskevi',2),(68,'Agia Varvara',2),(69,'Agioi Anargyroi-Kamatero',2),(70,'Agios Dimitrios',2),(71,'Agios Efstratios',2),(72,'Agios Nikolaos',2),(73,'Agios Vasileios',2),(74,'Agistri',2),(75,'Agrafa',2),(76,'Agrinio',2),(77,'Aigaleo',2),(78,'Aigialeia',2),(79,'Aktio-Vonitsa',2),(80,'Alexandreia',2),(81,'Alexandroupoli',2),(82,'Aliartos',2),(83,'Alimos',2),(84,'Almopia',2),(85,'Almyros',2),(86,'Alonnisos',2),(87,'Amari',2),(88,'Amfikleia-Elateia',2),(89,'Amfilochia',2),(90,'Amorgos',2),(91,'Ampelokipoi-Menemeni',2),(92,'Amphipolis',2),(93,'Amyntaio',2),(94,'Anafi',2),(95,'Andravida-Kyllini',2),(96,'Andritsaina-Krestena',2),(97,'Andros',2),(98,'Anogeia',2),(99,'Antiparos',2),(100,'Apokoronas',2),(101,'Archanes-Asterousia',2),(102,'Argithea',2),(103,'Argos-Mykines',2),(104,'Aristotelis',2),(105,'Arriana',2),(106,'Arta',2),(107,'Aspropyrgos',2),(108,'Astypalaia',2),(109,'Athens',2),(110,'Central Corfu and Diapontia Islands',2),(111,'North Corfu',2),(112,'South Corfu',2),(113,'Central Tzoumerka',2),(114,'Argostoli',2),(115,'Lixouri',2),(116,'Sami',2),(117,'Chaidari',2),(118,'Chalandri',2),(119,'Chalcis',2),(120,'Chalki',2),(121,'Chalkidona',2),(122,'Chania',2),(123,'Chersonisos',2),(124,'Chios',2),(125,'Corinth',2),(126,'Cythera',2),(127,'Dafni-Ymittos',2),(128,'Delphi',2),(129,'Delta',2),(130,'Deskati',2),(131,'Didymoteicho',2),(132,'Dion-Olympos',2),(133,'Dionysos',2),(134,'Dirfys-Messapia',2),(135,'Distomo-Arachova-Antikyra',2),(136,'Dodoni',2),(137,'Domokos',2),(138,'Dorida',2),(139,'Doxato',2),(140,'Drama',2),(141,'East Mani',2),(142,'Edessa',2),(143,'Elafonisos',2),(144,'Elassona',2),(145,'Elefsina',2),(146,'Elliniko-Argyroupoli',2),(147,'Emmanouil Pappas',2),(148,'Eordaia',2),(149,'Epidaurus',2),(150,'Eretria',2),(151,'Ermionida',2),(152,'Erymanthos',2),(153,'Evrotas',2),(154,'Faistos',2),(155,'Farkadona',2),(156,'Farsala',2),(157,'Filadelfeia-Chalkidona',2),(158,'Filiates',2),(159,'Filothei-Psychiko',2),(160,'Florina',2),(161,'Folegandros',2),(162,'Fournoi Korseon',2),(163,'Fyli',2),(164,'Galatsi',2),(165,'Gavdos',2),(166,'Georgios Karaiskakis',2),(167,'Glyfada',2),(168,'Gortyna',2),(169,'Gortynia',2),(170,'Grevena',2),(171,'Heraklion',2),(172,'Hydra',2),(173,'Iasmos',2),(174,'Icaria',2),(175,'Ierapetra',2),(176,'Igoumenitsa',2),(177,'Ilida',2),(178,'Ilio',2),(179,'Ilioupoli',2),(180,'Ioannina',2),(181,'Ios',2),(182,'Irakleia',2),(183,'Irakleio',2),(184,'Istiaia-Aidipsos',2),(185,'Ithaca',2),(186,'Kaisariani',2),(187,'Kalamaria',2),(188,'Kalamata',2),(189,'Kalambaka',2),(190,'Kalavryta',2),(191,'Kallithea',2),(192,'Kalymnos',2),(193,'Kamena Vourla',2),(194,'Kantanos-Selino',2),(195,'Karditsa',2),(196,'Karpathos',2),(197,'Karpenisi',2),(198,'Karystos',2),(199,'Kasos',2),(200,'Kassandra',2),(201,'Kastellorizo',2),(202,'Kastoria',2),(203,'Katerini',2),(204,'Kato Nevrokopi',2),(205,'Kavala',2),(206,'Kea',2),(207,'Keratsini-Drapetsona',2),(208,'Kifisia',2),(209,'Kileler',2),(210,'Kilkis',2),(211,'Kimolos',2),(212,'Kissamos',2),(213,'Komotini',2),(214,'Konitsa',2),(215,'Kordelio-Evosmos',2),(216,'Korydallos',2),(217,'Kos',2),(218,'Kozani',2),(219,'Kropia',2),(220,'Kymi-Aliveri',2),(221,'Kythnos',2),(222,'Lake Plastiras',2),(223,'Lamia',2),(224,'Langadas',2),(225,'Larissa',2),(226,'Lavreotiki',2),(227,'Lefkada',2),(228,'Leipsoi',2),(229,'Lemnos',2),(230,'Leros',2),(231,'Mytilini',2),(232,'West Lesbos',2),(233,'Livadeia',2),(234,'Lokroi',2),(235,'Loutraki-Perachora-Agioi Theodoroi',2),(236,'Lykovrysi-Pefki',2),(237,'Makrakomi',2),(238,'Malevizi',2),(239,'Mandra-Eidyllia',2),(240,'Mantoudi-Limni-Agia Anna',2),(241,'Marathon',2),(242,'Markopoulo Mesogaias',2),(243,'Maroneia-Sapes',2),(244,'Marousi',2),(245,'Megalopoli',2),(246,'Meganisi',2),(247,'Megara',2),(248,'Messini',2),(249,'Metamorfosi',2),(250,'Metsovo',2),(251,'Milos',2),(252,'Minoa Pediada',2),(253,'Missolonghi',2),(254,'Monemvasia',2),(255,'Moschato-Tavros',2),(256,'Mouzaki',2),(257,'Myki',2),(258,'Mykonos',2),(259,'Mylopotamos',2),(260,'Nafpaktia',2),(261,'Nafplio',2),(262,'Naousa',2),(263,'Naxos and Lesser Cyclades',2),(264,'Nea Ionia',2),(265,'Neapoli-Sykies',2),(266,'Nea Propontida',2),(267,'Nea Smyrni',2),(268,'Nea Zichni',2),(269,'Nemea',2),(270,'Nestorio',2),(271,'Nestos',2),(272,'Nikaia-Agios Ioannis Rentis',2),(273,'Nikolaos Skoufas',2),(274,'Nisyros',2),(275,'North Kynouria',2),(276,'North Tzoumerka',2),(277,'Oichalia',2),(278,'Oinousses',2),(279,'Archaia Olympia',2),(280,'Oraiokastro',2),(281,'Orchomenos',2),(282,'Orestiada',2),(283,'Orestida',2),(284,'Oropedio Lasithiou',2),(285,'Oropos',2),(286,'Paiania',2),(287,'Paionia',2),(288,'Palaio Faliro',2),(289,'Palamas',2),(290,'Pallini',2),(291,'Pangaio',2),(292,'Papagou-Cholargos',2),(293,'Paranesti',2),(294,'Parga',2),(295,'Paros',2),(296,'Patmos',2),(297,'Patras',2),(298,'Pavlos Melas',2),(299,'Paxi',2),(300,'Pella',2),(301,'Penteli',2),(302,'Perama',2),(303,'Peristeri',2),(304,'Petroupoli',2),(305,'Pineios',2),(306,'Piraeus',2),(307,'Platanias',2),(308,'Pogoni',2),(309,'Polygyros',2),(310,'Poros',2),(311,'Prespes',2),(312,'Preveza',2),(313,'Prosotsani',2),(314,'Psara',2),(315,'Pydna-Kolindros',2),(316,'Pylaia-Chortiatis',2),(317,'Pyli',2),(318,'Pylos-Nestor',2),(319,'Pyrgos',2),(320,'Rafina-Pikermi',2),(321,'Rethymno',2),(322,'Rhodes',2),(323,'Rigas Feraios',2),(324,'Salamis Island',2),(325,'East Samos',2),(326,'West Samos',2),(327,'Samothrace',2),(328,'Santorini',2),(329,'Saronikos',2),(330,'Serifos',2),(331,'Serres',2),(332,'Servia',2),(333,'Velventos',2),(334,'Sfakia',2),(335,'Sifnos',2),(336,'Sikinos',2),(337,'Sikyona',2),(338,'Sintiki',2),(339,'Sithonia',2),(340,'Sitia',2),(341,'Skiathos',2),(342,'Skopelos',2),(343,'Skydra',2),(344,'Skyros',2),(345,'Sofades',2),(346,'Soufli',2),(347,'Souli',2),(348,'South Kynouria',2),(349,'South Pelion',2),(350,'Sparta',2),(351,'Spata-Artemida',2),(352,'Spetses',2),(353,'Stylida',2),(354,'Symi',2),(355,'Syros-Ermoupoli',2),(356,'Tanagra',2),(357,'Tempi',2),(358,'Thasos',2),(359,'Thebes',2),(360,'Thermaikos',2),(361,'Thermi',2),(362,'Thermo',2),(363,'Thessaloniki',2),(364,'Tilos',2),(365,'Tinos',2),(366,'Topeiros',2),(367,'Trifylia',2),(368,'Trikala',2),(369,'Tripoli',2),(370,'Troizinia-Methana',2),(371,'Tyrnavos',2),(372,'Vari-Voula-Vouliagmeni',2),(373,'Velo-Vocha',2),(374,'Veria',2),(375,'Viannos',2),(376,'Visaltia',2),(377,'Voio',2),(378,'Volos',2),(379,'Volvi',2),(380,'Vrilissia',2),(381,'Vyronas',2),(382,'West Achaea',2),(383,'West Mani',2),(384,'Xanthi',2),(385,'Xiromero',2),(386,'Xylokastro-Evrostina',2),(387,'Zacharo',2),(388,'Zagora-Mouresi',2),(389,'Zagori',2),(390,'Zakynthos',2),(391,'Ziros',2),(392,'Zitsa',2),(393,'Zografou',2);
/*!40000 ALTER TABLE `state` ENABLE KEYS */;
UNLOCK TABLES;

--
-- Dumping events for database 'springweather'
--

--
-- Dumping routines for database 'springweather'
--
/*!40103 SET TIME_ZONE=@OLD_TIME_ZONE */;

/*!40101 SET SQL_MODE=@OLD_SQL_MODE */;
/*!40014 SET FOREIGN_KEY_CHECKS=@OLD_FOREIGN_KEY_CHECKS */;
/*!40014 SET UNIQUE_CHECKS=@OLD_UNIQUE_CHECKS */;
/*!40101 SET CHARACTER_SET_CLIENT=@OLD_CHARACTER_SET_CLIENT */;
/*!40101 SET CHARACTER_SET_RESULTS=@OLD_CHARACTER_SET_RESULTS */;
/*!40101 SET COLLATION_CONNECTION=@OLD_COLLATION_CONNECTION */;
/*!40111 SET SQL_NOTES=@OLD_SQL_NOTES */;

-- Dump completed on 2023-01-05 10:38:41
